{
  "author": "IoT Open",
  "licence": "MIT",
  "input": {
    "trigger_functions": {
      "required": true,
      "name": "Trigger functions",
      "description": "Functions to check for threshold breaches",
      "type": "multi_function_selector"
    },
    "overOrUnder": {
      "required": true,
      "name": "Over/Under",
      "description": "Trigger when value is over or under the threshold",
      "type": "toggle",
      "true_value": "over",
      "false_value": "under",
      "default": "over"
    },
    "threshold": {
      "required": true,
      "name": "Threshold",
      "type": "number"
    },
    "date_start": {
      "required": true,
      "name": "Start date (YYYY-MM-DD)",
      "type": "text",
      "validator": "^%d%d%d%d%-%d%d%-%d%d$",
      "on_error": "The format must be YYYY-MM-DD",
      "description": "Enter date in format YYYY-MM-DD, e.g., 2025-07-01"
    },
    "date_end": {
      "required": true,
      "name": "End date (YYYY-MM-DD)",
      "type": "text",
      "validator": "^%d%d%d%d%-%d%d%-%d%d$",
      "on_error": "The format must be YYYY-MM-DD",
      "description": "Enter date in format YYYY-MM-DD, e.g., 2025-07-01"
    },
    "time_start": {
      "required": false,
      "name": "Time interval start (hour, incl.)",
      "type": "number"
    },
    "time_end": {
      "required": false,
      "name": "Time interval end (hour, excl.)",
      "type": "number"
    },
    "monday": {
      "required": false,
      "name": "Monday",
      "type": "toggle",
      "true_value": true,
      "false_value": false
    },
    "tuesday": {
      "required": false,
      "name": "Tuesday",
      "type": "toggle",
      "true_value": true,
      "false_value": false
    },
    "wednesday": {
      "required": false,
      "name": "Wednesday",
      "type": "toggle",
      "true_value": true,
      "false_value": false
    },
    "thursday": {
      "required": false,
      "name": "Thursday",
      "type": "toggle",
      "true_value": true,
      "false_value": false
    },
    "friday": {
      "required": false,
      "name": "Friday",
      "type": "toggle",
      "true_value": true,
      "false_value": false
    },
    "saturday": {
      "required": false,
      "name": "Saturday",
      "type": "toggle",
      "true_value": true,
      "false_value": false
    },
    "sunday": {
      "required": false,
      "name": "Sunday",
      "type": "toggle",
      "true_value": true,
      "false_value": false
    },
    "side": {
      "required": true,
      "name": "Inside or outside time interval",
      "type": "toggle",
      "true_value": "in",
      "false_value": "outside",
      "default": "in",
      "description": "Controls whether notifications occur inside or outside the specified hours (e.g., 08–17). Does not affect the date range."
    },
    "notification_output": {
      "required": true,
      "name": "Notification output",
      "description": "Select the notification output",
      "type": "single_notification_output_selector"
    },
    "only_send_once": {
      "required": false,
      "name": "Send only the first time",
      "description": "If enabled, only one notification is sent per triggered state, not on every update.",
      "type": "toggle",
      "true_value": true,
      "false_value": false,
      "default": true
    }
  },
  "guide": [
    {
      "id": "stage_1",
      "title": "Basic settings",
      "description": "Select functions, thresholds, and notification settings.",
      "input_fields": [
        "trigger_functions",
        "overOrUnder",
        "threshold",
        "notification_output",
        "only_send_once"
      ]
    },
    {
      "id": "stage_2",
      "title": "Time interval",
      "description": "Configure days, hours, and date range for when monitoring should be active.",
      "input_fields": [
        "date_start",
        "date_end",
        "time_start",
        "time_end",
        "monday",
        "tuesday",
        "wednesday",
        "thursday",
        "friday",
        "saturday",
        "sunday",
        "side"
      ]
    }
  ]
}
